{"offset_x": 0.014321535730614619, "offset_y": 0.009423907046423268, "offset_z": -0.016416409417276113, "cMat_00": 1.0, "cMat_01": 0.0, "cMat_02": 0.0, "cMat_10": 0.0, "cMat_11": 1.0, "cMat_12": 0.0, "cMat_20": 0.0, "cMat_21": 0.0, "cMat_22": 1.0}