{"offset_x": 0.01476886084512348, "offset_y": 0.011026106135420682, "offset_z": -0.017624110084218724, "cMat_00": 1.0, "cMat_01": 0.0, "cMat_02": 0.0, "cMat_10": 0.0, "cMat_11": 1.0, "cMat_12": 0.0, "cMat_20": 0.0, "cMat_21": 0.0, "cMat_22": 1.0}