{"offset_x": 0.00035732619714503824, "offset_y": 0.00017234793759389312, "offset_z": -0.0004717451897282444, "cMat_00": 1.0, "cMat_01": 0.0, "cMat_02": 0.0, "cMat_10": 0.0, "cMat_11": 1.0, "cMat_12": 0.0, "cMat_20": 0.0, "cMat_21": 0.0, "cMat_22": 1.0}