{"offset_x": 0.014434441390168693, "offset_y": 0.008328725245143092, "offset_z": -0.016609775603720095, "cMat_00": 1.0, "cMat_01": 0.0, "cMat_02": 0.0, "cMat_10": 0.0, "cMat_11": 1.0, "cMat_12": 0.0, "cMat_20": 0.0, "cMat_21": 0.0, "cMat_22": 1.0}